Datetime,Total Tasks,Scheduled Tasks,Completed Tasks,Failed Tasks,Elapsed Time,Estimated Remaining Time
2026-08-11T01:49:23.557824,N/A,0,0,0,0:00:01,N/A
2026-08-11T01:49:33.415752,N/A,0,0,0,0:00:11,N/A
2026-08-11T01:49:44.225873,N/A,0,0,0,0:00:21,N/A
2026-08-11T01:49:55.011791,N/A,0,0,0,0:00:32,N/A
2026-08-11T01:50:05.861554,N/A,0,0,0,0:00:43,N/A
2026-08-11T01:50:16.725591,N/A,0,0,0,0:00:54,N/A
2026-08-11T01:50:27.387255,N/A,0,0,0,0:01:05,N/A
2026-08-11T01:50:38.307782,N/A,0,0,0,0:01:16,N/A
2026-08-11T01:50:49.267763,N/A,0,0,0,0:01:27,N/A
2026-08-11T01:51:00.018455,N/A,0,0,0,0:01:37,N/A
